User Name,Date,Comment
shelby67,2023-05-28,The premium version is worth every penny!
aaron71,2023-05-06,The daily tips are informative and practical.
rebeccadixon,2022-11-15,I've been using HealthTrack for years and still love it.
richard22,2023-05-01,The app keeps me accountable for my health.
davidwhite,2022-12-21,Great app! Helps me stay on top of my fitness goals.
michael00,2023-07-21,The food tracker is a game-changer for me.
daniel05,2023-01-18,The premium version is worth every penny!
jodywatson,2023-08-23,This app has helped me establish a healthy routine.
tracyshaw,2023-02-02,The support team is responsive and helpful.
slawson,2023-05-27,This app has improved my health significantly.
amandavaughn,2022-11-06,The support team is responsive and helpful.
ryan64,2023-01-11,I use it to track my meditation sessions too.
tgonzalez,2022-12-03,I've seen a noticeable improvement in my health.
sgibson,2023-09-10,The app keeps getting better with every update.
bullockmartin,2023-06-18,The app keeps getting better with every update.
pevans,2023-09-08,I recommend HealthTrack to everyone I know.
ddixon,2023-04-23,I can't imagine my fitness journey without HealthTrack.
jacob38,2022-11-25,The coaching feature is like having a personal trainer.
dbennett,2023-02-27,This app is a must-have for anyone serious about fitness.
allison38,2023-03-03,HealthTrack has helped me stay consistent.
jamiegarcia,2023-01-03,I use it to track my meditation sessions too.
rmendoza,2023-07-13,HealthTrack has helped me reach my fitness goals.
aaron17,2023-07-14,I like how it customizes workouts based on my goals.
lucas48,2023-08-12,HealthTrack has helped me stay consistent.
baldwinjerry,2022-11-05,HealthTrack has made a big difference in my life.
xkelly,2022-10-23,The achievements are a fun way to stay motivated.
obest,2023-07-03,The user interface is so intuitive and easy to use.
jennifer62,2023-01-06,I've seen a noticeable improvement in my health.
deantammy,2023-06-05,The app syncs seamlessly with my other devices.
flowersjoshua,2023-05-02,I'm a loyal user and will continue to be one.
johnsonelizabeth,2022-10-01,I love the daily motivational quotes.
uneal,2023-02-23,I use it to track my meditation sessions too.
james02,2023-06-21,I recommend HealthTrack to everyone I know.
dlewis,2022-10-19,The sleep tracking feature is surprisingly accurate.
browningronald,2023-08-14,The user interface is so intuitive and easy to use.
gregory77,2023-05-13,The coaching feature is like having a personal trainer.
ijohnson,2023-05-22,I've recommended HealthTrack to all my friends.
miguelrodriguez,2023-01-30,I can't imagine my fitness journey without this app.
danielchavez,2023-06-12,The community feature is a great way to connect with others.
amy47,2022-11-12,The app has a sleek and modern design.
jessica50,2023-03-28,HealthTrack has made a big difference in my life.
pcollins,2023-03-31,I like how it customizes workouts based on my goals.
rodgerssarah,2023-04-11,HealthTrack has made a big difference in my life.
daydawn,2023-06-11,The challenges feature adds an extra layer of motivation.
joshua21,2023-07-22,The app's community is so supportive and inspiring.
johnwiley,2023-01-28,The community feature is a great way to connect with others.
wjenkins,2023-01-18,The app reminds me to take breaks and stretch.
mcdonaldkristina,2023-08-23,HealthTrack is a game-changer for busy people.
samuel00,2022-09-26,I can't believe it's free! So many useful features.
jasonknox,2023-05-18,HealthTrack has helped me reach my fitness goals.
uhodges,2023-05-02,I'm more mindful of what I eat thanks to this app.
idavis,2023-08-30,The food tracker is a game-changer for me.
craigmeza,2022-11-22,It's like having a personal trainer in my pocket.
brian44,2022-12-18,I've seen a noticeable improvement in my health.
makayla31,2023-01-11,HealthTrack is a game-changer for busy people.
hensonnicole,2023-04-22,The calorie counter is accurate and easy to use.
robertpena,2023-04-30,This app has improved my health significantly.
rthompson,2023-05-16,The food tracker is a game-changer for me.
brittany56,2023-07-27,The progress charts are motivating!
lucasjohnson,2023-02-11,I've recommended HealthTrack to all my friends.
penny71,2023-04-28,HealthTrack has helped me stay consistent.
ejones,2022-12-12,The user interface is so intuitive and easy to use.
nguyentaylor,2023-01-26,I've been using HealthTrack for years and still love it.
claytonjoshua,2023-03-30,I'm impressed with the food database.
jamesleach,2023-03-08,The app doesn't drain my battery like others do.
meyervalerie,2023-08-14,HealthTrack makes it easy to track my daily steps.
mcintyrechristopher,2023-05-09,I've seen a noticeable improvement in my health.
stephenking,2023-04-25,The app doesn't drain my battery like others do.
noblecarolyn,2023-01-28,I love the daily motivational quotes.
andrea50,2023-08-04,The support team is responsive and helpful.
davidmoore,2023-02-06,The sleep tracking feature is surprisingly accurate.
joshua56,2023-01-25,This app is the best fitness companion.
kphillips,2023-02-20,I love the workout plans provided by HealthTrack.
charles24,2022-09-26,I recommend HealthTrack to everyone I know.
perezjuan,2023-01-07,HealthTrack has helped me reach my fitness goals.
saraturner,2022-11-07,I'm impressed with the food database.
carolyn19,2023-03-08,I like how it customizes workouts based on my goals.
adam52,2022-12-26,The challenges feature adds an extra layer of motivation.
zlara,2023-08-28,I love the workout plans provided by HealthTrack.
jfreeman,2022-10-08,The app syncs seamlessly with my other devices.
cyoung,2023-05-07,HealthTrack makes it easy to track my daily steps.
rhonda29,2022-11-07,HealthTrack has made a big difference in my life.
frenchlinda,2023-02-13,HealthTrack makes it easy to track my daily steps.
sduarte,2023-03-25,HealthTrack makes it easy to track my daily steps.
vmartin,2023-03-28,The sleep tracking feature is surprisingly accurate.
fjackson,2023-01-27,The app syncs seamlessly with my other devices.
ejenkins,2022-11-14,This app has helped me establish a healthy routine.
steven54,2022-12-01,I love the daily motivational quotes.
kellyjennifer,2023-05-31,The food tracker is a game-changer for me.
robertwilliams,2022-12-23,It's like having a personal trainer in my pocket.
mbarnes,2023-07-24,I love the daily motivational quotes.
jamescole,2023-01-05,The app keeps getting better with every update.
danny74,2023-08-14,I like how it customizes workouts based on my goals.
brownthomas,2023-05-19,I use HealthTrack to track my water intake too.
william30,2022-11-01,It's like having a personal trainer in my pocket.
daniel77,2023-06-10,The daily tips are informative and practical.
johnlewis,2023-06-22,I like how it customizes workouts based on my goals.
caroline82,2023-04-15,This app is a must-have for anyone serious about fitness.
agarcia,2023-07-25,I'm more mindful of what I eat thanks to this app.
hannahwalker,2023-04-18,I like how it tracks my heart rate during workouts.
